dataset,avg_shift,max_shift
dblp,0.2462738333333334,0.2826925
elliptic,0.0986275,0.2222525
ogbn,0.29780094999999995,0.537907
